﻿Summary,Issue key,Issue id,Issue Type,Status,Project key,Project name,Project type,Project lead,Project lead id,Project description,Priority,Resolution,Assignee,Assignee Id,Reporter,Reporter Id,Creator,Creator Id,Created,Updated,Last Viewed,Resolved,Due date,Votes,Description,Environment,Watchers,Watchers Id,Original estimate,Remaining Estimate,Time Spent,Work Ratio,Σ Original Estimate,Σ Remaining Estimate,Σ Time Spent,Security Level,Inward issue link (Blocks),Inward issue link (Relates),Inward issue link (Relates),Attachment,Custom field (Development),Custom field (Issue color),Custom field (Rank),Custom field (Start date),Custom field (Story point estimate),Team Id,Team Name,Custom field (Vulnerability),Status Category,Status Category Changed
phone number should accept only numbers,QAE-144,10378,Bug,To Do,QAE,QA-automation exercise,software,malak elmligy,712020:21f07b9a-d8ec-4235-b6a5-157c7915bbf6,,Medium,,Alaa Sayed Saif,712020:83a9981e-f317-4518-b155-2185d20dc4a9,Alaa Sayed Saif,712020:83a9981e-f317-4518-b155-2185d20dc4a9,Alaa Sayed Saif,712020:83a9981e-f317-4518-b155-2185d20dc4a9,14/Nov/25 9:16 PM,15/Nov/25 2:35 PM,,,,0,"*steps to reproduce:*

# Open the signup page
# Enter letters or special characters in the phone field
# Click the sign-up button

*expected result:*
An error should appear: *""Phone number must contain digits only""*.

*actual result:*
System accepts non-numeric characters and continues registration.

*designed & executed by:* Alaa",,Alaa Sayed Saif,712020:83a9981e-f317-4518-b155-2185d20dc4a9,,,,,,,,,QAE-39,,,14/Nov/25 9:16 PM;ug:66e1e55e-1a56-4696-8f0c-b58e9b91f8c8;bandicam 2025-11-14 21-15-48-674.mp4;https://malakelmligy1.atlassian.net/rest/api/3/attachment/content/10090,,,0|i000wf:,,,,,,To Do,14/Nov/25 9:16 PM
"Address 1, Company Name, Address 2, State, and City cannot be only numbers or only special characters",QAE-143,10377,Bug,To Do,QAE,QA-automation exercise,software,malak elmligy,712020:21f07b9a-d8ec-4235-b6a5-157c7915bbf6,,Medium,,Alaa Sayed Saif,712020:83a9981e-f317-4518-b155-2185d20dc4a9,Alaa Sayed Saif,712020:83a9981e-f317-4518-b155-2185d20dc4a9,Alaa Sayed Saif,712020:83a9981e-f317-4518-b155-2185d20dc4a9,14/Nov/25 9:13 PM,14/Nov/25 9:17 PM,,,,0,"*steps to reproduce:*

# Open the signup page
# In each field (Address 1, Company Name, Address 2, State, City), enter only numbers
# Then enter a mix including hyphen and underscore (e.g., ""Street-22_Area"")
# Click the sign-up button

*expected result:*

* Only-number input → *should show an error*
* Mixed valid characters → *should be accepted*

*actual result:*
Fields accept only numbers without validation.

*designed & executed by:* Alaa",,Alaa Sayed Saif,712020:83a9981e-f317-4518-b155-2185d20dc4a9,,,,,,,,,,QAE-39,,14/Nov/25 9:12 PM;ug:66e1e55e-1a56-4696-8f0c-b58e9b91f8c8;image-20251114-191256.png;https://malakelmligy1.atlassian.net/rest/api/3/attachment/content/10088,,,0|i000w7:,,,,,,To Do,14/Nov/25 9:13 PM
Age less than 18 is not allowed,QAE-142,10376,Bug,To Do,QAE,QA-automation exercise,software,malak elmligy,712020:21f07b9a-d8ec-4235-b6a5-157c7915bbf6,,Medium,,Alaa Sayed Saif,712020:83a9981e-f317-4518-b155-2185d20dc4a9,Alaa Sayed Saif,712020:83a9981e-f317-4518-b155-2185d20dc4a9,Alaa Sayed Saif,712020:83a9981e-f317-4518-b155-2185d20dc4a9,14/Nov/25 9:07 PM,14/Nov/25 9:08 PM,,,,0,"*steps to reproduce:*

# Open the signup page
# Enter a date of birth indicating age below 18
# Click the sign-up button

*expected result:*
A message should appear: *""You must be 18 or older to register""*.

*actual result:*
System accepts the age and account is created.

*designed & executed by:* Alaa",,Alaa Sayed Saif,712020:83a9981e-f317-4518-b155-2185d20dc4a9,,,,,,,,,,QAE-39,,14/Nov/25 9:07 PM;ug:66e1e55e-1a56-4696-8f0c-b58e9b91f8c8;bandicam 2025-11-14 21-06-58-349.mp4;https://malakelmligy1.atlassian.net/rest/api/3/attachment/content/10086,,,0|i000vz:,,,,,,To Do,14/Nov/25 9:07 PM
Eye icon exists in the password field,QAE-141,10375,Bug,To Do,QAE,QA-automation exercise,software,malak elmligy,712020:21f07b9a-d8ec-4235-b6a5-157c7915bbf6,,Medium,,Alaa Sayed Saif,712020:83a9981e-f317-4518-b155-2185d20dc4a9,Alaa Sayed Saif,712020:83a9981e-f317-4518-b155-2185d20dc4a9,Alaa Sayed Saif,712020:83a9981e-f317-4518-b155-2185d20dc4a9,14/Nov/25 8:57 PM,14/Nov/25 9:08 PM,,,,0,"*steps to reproduce:*

# Open the signup page
# Locate the password field
# Check if an ""eye"" icon for show/hide exists

*expected result:*
Eye icon should be visible and functional.

*actual result:*
Eye icon is missing.

*designed & executed by:* Alaa",,Alaa Sayed Saif,712020:83a9981e-f317-4518-b155-2185d20dc4a9,,,,,,,,,,QAE-39,,,,,0|i000vr:,,,,,,To Do,14/Nov/25 8:57 PM
Verify that minimum number of password characters should be fulfilled and maximum should not be exceeded,QAE-140,10374,Bug,To Do,QAE,QA-automation exercise,software,malak elmligy,712020:21f07b9a-d8ec-4235-b6a5-157c7915bbf6,,Medium,,Alaa Sayed Saif,712020:83a9981e-f317-4518-b155-2185d20dc4a9,Alaa Sayed Saif,712020:83a9981e-f317-4518-b155-2185d20dc4a9,Alaa Sayed Saif,712020:83a9981e-f317-4518-b155-2185d20dc4a9,14/Nov/25 8:56 PM,14/Nov/25 8:56 PM,,,,0,"*steps to reproduce:*

# Open the signup page
# Enter a password shorter than minimum (e.g., 5 characters)
# Enter a password longer than maximum (e.g., 40+ characters)
# Click the sign-up button

*expected result:*
System should show errors such as:

* *""Password must be at least X characters""*
* *""Password cannot exceed Y characters""*

*actual result:*
System accepts both too short and too long passwords with no error.

*designed & executed by:* Alaa",,Alaa Sayed Saif,712020:83a9981e-f317-4518-b155-2185d20dc4a9,,,,,,,,,,QAE-39,,14/Nov/25 8:56 PM;ug:66e1e55e-1a56-4696-8f0c-b58e9b91f8c8;bandicam 2025-11-14 20-56-01-763.mp4;https://malakelmligy1.atlassian.net/rest/api/3/attachment/content/10084,,,0|i000vj:,,,,,,To Do,14/Nov/25 8:56 PM
Last name cannot be only spaces,QAE-139,10373,Bug,To Do,QAE,QA-automation exercise,software,malak elmligy,712020:21f07b9a-d8ec-4235-b6a5-157c7915bbf6,,Medium,,Alaa Sayed Saif,712020:83a9981e-f317-4518-b155-2185d20dc4a9,Alaa Sayed Saif,712020:83a9981e-f317-4518-b155-2185d20dc4a9,Alaa Sayed Saif,712020:83a9981e-f317-4518-b155-2185d20dc4a9,14/Nov/25 8:53 PM,14/Nov/25 8:56 PM,,,,0,"*steps to reproduce:*

# Open the signup page
# Insert only spaces in the last name field
# Click the sign-up button

*expected result:*
A message should appear: *""Last name cannot be empty or spaces only""*.

*actual result:*
Field accepts spaces and registration proceeds.

*designed & executed by:* Alaa",,Alaa Sayed Saif,712020:83a9981e-f317-4518-b155-2185d20dc4a9,,,,,,,,,,QAE-39,,14/Nov/25 8:53 PM;ug:66e1e55e-1a56-4696-8f0c-b58e9b91f8c8;bandicam 2025-11-14 20-52-46-091.mp4;https://malakelmligy1.atlassian.net/rest/api/3/attachment/content/10082,,,0|i000vb:,,,,,,To Do,14/Nov/25 8:53 PM
First name can NOT contain only one character,QAE-138,10372,Bug,To Do,QAE,QA-automation exercise,software,malak elmligy,712020:21f07b9a-d8ec-4235-b6a5-157c7915bbf6,,Medium,,Alaa Sayed Saif,712020:83a9981e-f317-4518-b155-2185d20dc4a9,Alaa Sayed Saif,712020:83a9981e-f317-4518-b155-2185d20dc4a9,Alaa Sayed Saif,712020:83a9981e-f317-4518-b155-2185d20dc4a9,14/Nov/25 8:49 PM,14/Nov/25 8:49 PM,,,,0,"*steps to reproduce:*

# Open the signup page
# Enter a first name with only *one character* (e.g., ""A"")
# Click on the sign-up button

*expected result:*
A message should appear: *""Name must be at least 6 characters""*.

*actual result:*
Field accepts one character and sign-up continues normally.

*designed & executed by:* Alaa",,Alaa Sayed Saif,712020:83a9981e-f317-4518-b155-2185d20dc4a9,,,,,,,,,,,,14/Nov/25 8:49 PM;ug:66e1e55e-1a56-4696-8f0c-b58e9b91f8c8;bandicam 2025-11-14 20-48-41-080.mp4;https://malakelmligy1.atlassian.net/rest/api/3/attachment/content/10080,,,0|i000v3:,,,,,,To Do,14/Nov/25 8:49 PM
first name accepts things rather than only letters,QAE-137,10371,Bug,To Do,QAE,QA-automation exercise,software,malak elmligy,712020:21f07b9a-d8ec-4235-b6a5-157c7915bbf6,,Medium,,Alaa Sayed Saif,712020:83a9981e-f317-4518-b155-2185d20dc4a9,Alaa Sayed Saif,712020:83a9981e-f317-4518-b155-2185d20dc4a9,Alaa Sayed Saif,712020:83a9981e-f317-4518-b155-2185d20dc4a9,14/Nov/25 8:45 PM,15/Nov/25 2:26 PM,,,,0,"*steps to reproduce:*

# Open the signup page
# Insert a first name containing numbers or special characters (e.g., ""John123"" or ""Ali@"")
# Click the sign-up button

*expected result:*
First name field should accept *letters only* and display an error message if other characters are entered.

*actual result:*
Field accepts numbers/special characters and account is created successfully.

*designed & executed by:* Alaa",,Alaa Sayed Saif,712020:83a9981e-f317-4518-b155-2185d20dc4a9,,,,,,,,,,QAE-39,,14/Nov/25 8:44 PM;ug:66e1e55e-1a56-4696-8f0c-b58e9b91f8c8;bandicam 2025-11-14 20-43-51-889.mp4;https://malakelmligy1.atlassian.net/rest/api/3/attachment/content/10078,,,0|i000uv:,,,,,,To Do,14/Nov/25 8:45 PM
inserting only special characters in name field and valid email are NOT accepted,QAE-136,10370,Bug,To Do,QAE,QA-automation exercise,software,malak elmligy,712020:21f07b9a-d8ec-4235-b6a5-157c7915bbf6,,Medium,,Alaa Sayed Saif,712020:83a9981e-f317-4518-b155-2185d20dc4a9,Alaa Sayed Saif,712020:83a9981e-f317-4518-b155-2185d20dc4a9,Alaa Sayed Saif,712020:83a9981e-f317-4518-b155-2185d20dc4a9,14/Nov/25 8:39 PM,14/Nov/25 8:49 PM,,,,0,"*steps to reproduce:*

# Open the signup page
# Insert only special characters in the first name field (e.g., ""@#$%&*"")
# Insert a valid email
# Click on the sign-up button

*expected result:*
An error message such as *""Special characters are not allowed""* or *""Please enter a valid name""* should appear and the account should NOT be created.

*actual result:*
Account is created successfully and no validation message appears.

*designed & executed by:* Alaa",,Alaa Sayed Saif,712020:83a9981e-f317-4518-b155-2185d20dc4a9,,,,,,,,,,QAE-39,,14/Nov/25 8:38 PM;ug:66e1e55e-1a56-4696-8f0c-b58e9b91f8c8;bandicam 2025-11-14 20-36-49-569.mp4;https://malakelmligy1.atlassian.net/rest/api/3/attachment/content/10076,,,0|i000un:,,,,,,To Do,14/Nov/25 8:39 PM
Expiration date accept invalid year,QAE-135,10369,Bug,To Do,QAE,QA-automation exercise,software,malak elmligy,712020:21f07b9a-d8ec-4235-b6a5-157c7915bbf6,,Medium,,malak elmligy,712020:21f07b9a-d8ec-4235-b6a5-157c7915bbf6,malak elmligy,712020:21f07b9a-d8ec-4235-b6a5-157c7915bbf6,malak elmligy,712020:21f07b9a-d8ec-4235-b6a5-157c7915bbf6,14/Nov/25 6:40 PM,14/Nov/25 6:40 PM,,,,0,"{color:#ff5630}+precondition:+{color}

1-Google chrome           2-Wifi connection           3-user is on [https://automationexercise.com/|https://automationexercise.com/|smart-link]

4-user logged in

{color:#ff5630}+Steps to reproduce:+{color}

1-open website

2-click on cart from menu

3-click on proceed to checkout

4-click on place order

5-Enter “malak” in name on card field

6-Enter card number(16 digits,1234567891234567)

7-Enter CVC(3 digits,567)

8-Enter expiration date(future,12\1990)

9-click on pay and confirm the order

{color:#ff5630}+expected result+{color}{color:#ff5630}:{color}

error message should appear “invalid year”

{color:#ff5630}+actual result:+{color}

payment completed successfully",,malak elmligy,712020:21f07b9a-d8ec-4235-b6a5-157c7915bbf6,,,,,,,,,,QAE-134,QAE-112,14/Nov/25 6:39 PM;e7a8a569-c9a5-4add-82bd-9acf7007ed47;bandicam 2025-11-14 18-38-22-656.mp4;https://malakelmligy1.atlassian.net/rest/api/3/attachment/content/10074,,,0|i000uf:,,,,,,To Do,14/Nov/25 6:40 PM
Expiration date accept invalid month,QAE-133,10367,Bug,To Do,QAE,QA-automation exercise,software,malak elmligy,712020:21f07b9a-d8ec-4235-b6a5-157c7915bbf6,,Medium,,malak elmligy,712020:21f07b9a-d8ec-4235-b6a5-157c7915bbf6,malak elmligy,712020:21f07b9a-d8ec-4235-b6a5-157c7915bbf6,malak elmligy,712020:21f07b9a-d8ec-4235-b6a5-157c7915bbf6,14/Nov/25 6:34 PM,14/Nov/25 6:34 PM,,,,0,"{color:#ff5630}+precondition:+{color}

1-Google chrome           2-Wifi connection           3-user is on [https://automationexercise.com/|https://automationexercise.com/|smart-link]

4-user logged in

{color:#ff5630}+Steps to reproduce:+{color}

1-open website

2-click on cart from menu

3-click on proceed to checkout

4-click on place order

5-Enter “malak” in name on card field

6-Enter card number(16 digits,1234567891234567)

7-Enter CVC(3 digits,567)

8-Enter expiration date(future,16\26)

9-click on pay and confirm the order

{color:#ff5630}+expected result+{color}{color:#ff5630}:{color}

error message should appear “invalid moth”

{color:#ff5630}+actual result:+{color}

payment completed successfully",,malak elmligy,712020:21f07b9a-d8ec-4235-b6a5-157c7915bbf6,,,,,,,,,,QAE-132,QAE-112,14/Nov/25 6:34 PM;e7a8a569-c9a5-4add-82bd-9acf7007ed47;bandicam 2025-11-14 18-33-30-838.mp4;https://malakelmligy1.atlassian.net/rest/api/3/attachment/content/10072,,,0|i000tz:,,,,,,To Do,14/Nov/25 6:34 PM
CVC accept less than 3 digits,QAE-130,10364,Bug,To Do,QAE,QA-automation exercise,software,malak elmligy,712020:21f07b9a-d8ec-4235-b6a5-157c7915bbf6,,Medium,,malak elmligy,712020:21f07b9a-d8ec-4235-b6a5-157c7915bbf6,malak elmligy,712020:21f07b9a-d8ec-4235-b6a5-157c7915bbf6,malak elmligy,712020:21f07b9a-d8ec-4235-b6a5-157c7915bbf6,14/Nov/25 6:20 PM,14/Nov/25 6:20 PM,,,,0,"{color:#ff5630}+precondition:+{color}

1-Google chrome           2-Wifi connection           3-user is on [https://automationexercise.com/|https://automationexercise.com/|smart-link]

4-user logged in

{color:#ff5630}+Steps to reproduce:+{color}

1-open website

2-click on cart from menu

3-click on proceed to checkout

4-click on place order

5-Enter “malak” in name on card field

6-Enter card number(16 digits,1234567891234567)

7-Enter CVC(<3 digits,5)

8-Enter expiration date(future,12\26)

9-click on pay and confirm the order

{color:#ff5630}+expected result+{color}{color:#ff5630}:{color}

error message should appear “CVC must be 3 digits”

{color:#ff5630}+actual result:+{color}

payment completed successfully",,malak elmligy,712020:21f07b9a-d8ec-4235-b6a5-157c7915bbf6,,,,,,,,,,QAE-129,QAE-112,14/Nov/25 6:20 PM;e7a8a569-c9a5-4add-82bd-9acf7007ed47;bandicam 2025-11-14 18-19-08-198.mp4;https://malakelmligy1.atlassian.net/rest/api/3/attachment/content/10070,,,0|i000tb:,,,,,,To Do,14/Nov/25 6:20 PM
CVC accept more than 3 digits,QAE-127,10360,Bug,To Do,QAE,QA-automation exercise,software,malak elmligy,712020:21f07b9a-d8ec-4235-b6a5-157c7915bbf6,,Medium,,malak elmligy,712020:21f07b9a-d8ec-4235-b6a5-157c7915bbf6,malak elmligy,712020:21f07b9a-d8ec-4235-b6a5-157c7915bbf6,malak elmligy,712020:21f07b9a-d8ec-4235-b6a5-157c7915bbf6,14/Nov/25 5:44 PM,14/Nov/25 5:44 PM,,,,0,"{color:#ff5630}+precondition:+{color}

1-Google chrome           2-Wifi connection           3-user is on [https://automationexercise.com/|https://automationexercise.com/|smart-link]

4-user logged in

{color:#ff5630}+Steps to reproduce:+{color}

1-open website

2-click on cart from menu

3-click on proceed to checkout

4-click on place order

5-Enter “malak” in name on card field

6-Enter card number(16 digits,1234567891234567)

7-Enter CVC(>3 digits,56789)

8-Enter expiration date(future,12\26)

9-click on pay and confirm the order

{color:#ff5630}+expected result+{color}{color:#ff5630}:{color}

error message should appear “CVC must be 3 digits”

{color:#ff5630}+actual result:+{color}

payment completed successfully",,malak elmligy,712020:21f07b9a-d8ec-4235-b6a5-157c7915bbf6,,,,,,,,,,QAE-126,QAE-112,14/Nov/25 5:44 PM;e7a8a569-c9a5-4add-82bd-9acf7007ed47;bandicam 2025-11-14 17-42-34-541.mp4;https://malakelmligy1.atlassian.net/rest/api/3/attachment/content/10064,,,0|i000sn:,,,,,,To Do,14/Nov/25 5:44 PM
card number accept less than 16 digits,QAE-124,10357,Bug,To Do,QAE,QA-automation exercise,software,malak elmligy,712020:21f07b9a-d8ec-4235-b6a5-157c7915bbf6,,Medium,,malak elmligy,712020:21f07b9a-d8ec-4235-b6a5-157c7915bbf6,malak elmligy,712020:21f07b9a-d8ec-4235-b6a5-157c7915bbf6,malak elmligy,712020:21f07b9a-d8ec-4235-b6a5-157c7915bbf6,14/Nov/25 5:29 PM,14/Nov/25 5:29 PM,,,,0,"{color:#ff5630}+precondition:+{color}

1-Google chrome           2-Wifi connection           3-user is on [https://automationexercise.com/|https://automationexercise.com/|smart-link]

4-user logged in

{color:#ff5630}+Steps to reproduce:+{color}

1-open website

2-click on cart from menu

3-click on proceed to checkout

4-click on place order

5-Enter “malak” in name on card field

6-Enter card number(<16 digits,1234)

7-Enter CVC(3 digits,567)

8-Enter expiration date(future,12\26)

9-click on pay and confirm the order

{color:#ff5630}+expected result+{color}{color:#ff5630}:{color}

error message should appear “card number must be 16 digits”

{color:#ff5630}+actual result:+{color}

payment completed successfully",,malak elmligy,712020:21f07b9a-d8ec-4235-b6a5-157c7915bbf6,,,,,,,,,,QAE-123,QAE-112,14/Nov/25 5:29 PM;e7a8a569-c9a5-4add-82bd-9acf7007ed47;bandicam 2025-11-14 17-28-15-283.mp4;https://malakelmligy1.atlassian.net/rest/api/3/attachment/content/10062,,,0|i000rz:,,,,,,To Do,14/Nov/25 5:29 PM
card number accept more than 16 digits ,QAE-122,10355,Bug,To Do,QAE,QA-automation exercise,software,malak elmligy,712020:21f07b9a-d8ec-4235-b6a5-157c7915bbf6,,Medium,,malak elmligy,712020:21f07b9a-d8ec-4235-b6a5-157c7915bbf6,malak elmligy,712020:21f07b9a-d8ec-4235-b6a5-157c7915bbf6,malak elmligy,712020:21f07b9a-d8ec-4235-b6a5-157c7915bbf6,14/Nov/25 9:27 AM,14/Nov/25 9:38 AM,,,,0,"{color:#ff5630}+precondition:+{color}

1-Google chrome           2-Wifi connection           3-user is on [https://automationexercise.com/|https://automationexercise.com/|smart-link]  

4-user logged in

{color:#ff5630}+Steps to reproduce:+{color}

1-open website

2-click on cart from menu

3-click on proceed to checkout

4-click on place order

5-Enter “malak” in name on card field

6-Enter card number(>16 digits,1234567891234567891223)

7-Enter CVC(3 digits,567)

8-Enter expiration date(future,12\26)

9-click on pay and confirm the order

{color:#ff5630}+expected result+{color}{color:#ff5630}:{color}

error message should appear “card number must be 16 digits”

{color:#ff5630}+actual result:+{color}

payment completed successfully",,malak elmligy,712020:21f07b9a-d8ec-4235-b6a5-157c7915bbf6,,,,,,,,,,QAE-121,QAE-112,14/Nov/25 9:27 AM;e7a8a569-c9a5-4add-82bd-9acf7007ed47;bandicam 2025-11-14 09-26-00-972.mp4;https://malakelmligy1.atlassian.net/rest/api/3/attachment/content/10060,,,0|i000rj:,,,,,,To Do,14/Nov/25 9:27 AM
Name on card accept names with special characters ,QAE-119,10352,Bug,To Do,QAE,QA-automation exercise,software,malak elmligy,712020:21f07b9a-d8ec-4235-b6a5-157c7915bbf6,,Medium,,malak elmligy,712020:21f07b9a-d8ec-4235-b6a5-157c7915bbf6,malak elmligy,712020:21f07b9a-d8ec-4235-b6a5-157c7915bbf6,malak elmligy,712020:21f07b9a-d8ec-4235-b6a5-157c7915bbf6,14/Nov/25 9:11 AM,14/Nov/25 9:38 AM,,,,0,"{color:#ff5630}+precondition:+{color}

1-Google chrome           2-Wifi connection           3-user is on [https://automationexercise.com/|https://automationexercise.com/|smart-link]  

4-user logged in

{color:#ff5630}+Steps to reproduce:+{color}

1-open website

2-click on cart from menu

3-click on proceed to checkout

4-click on place order

5-Enter”@malak” in name on card field

6-Enter card number(16 digits,1234567891234567)

7-Enter CVC(3 digits,567)

8-Enter expiration date(future,12\26)

9-click on pay and confirm the order

{color:#ff5630}+expected result:+{color}

error message appears “name format is not correct”

{color:#ff5630}+actual result:+{color}

payment completed successfully",,malak elmligy,712020:21f07b9a-d8ec-4235-b6a5-157c7915bbf6,,,,,,,,,,QAE-118,QAE-112,14/Nov/25 9:10 AM;e7a8a569-c9a5-4add-82bd-9acf7007ed47;bandicam 2025-11-14 09-09-43-236.mp4;https://malakelmligy1.atlassian.net/rest/api/3/attachment/content/10058,,,0|i000qv:,,,,,,To Do,14/Nov/25 9:11 AM
"validation message appear only for name field ,not for other required fields",QAE-116,10349,Bug,To Do,QAE,QA-automation exercise,software,malak elmligy,712020:21f07b9a-d8ec-4235-b6a5-157c7915bbf6,,Medium,,malak elmligy,712020:21f07b9a-d8ec-4235-b6a5-157c7915bbf6,malak elmligy,712020:21f07b9a-d8ec-4235-b6a5-157c7915bbf6,malak elmligy,712020:21f07b9a-d8ec-4235-b6a5-157c7915bbf6,14/Nov/25 8:53 AM,14/Nov/25 9:38 AM,,,,0,"{color:#ff5630}+precondition:+{color}

1-Google chrome           2-Wifi connection           3-user is on [https://automationexercise.com/|https://automationexercise.com/|smart-link]  

4-user is logged in

{color:#ff5630}+Steps to reproduce:+{color}

1-open website

2-click on cart from menu

3-click on proceed to checkout

4-click on place order

5-leave all fields empty

6-click on pay and confirm the order

{color:#ff5630}+expected result:+{color}

payment not place successfully and validation message appear for every required fields “this field is required”

{color:#ff5630}+actual result:+{color}

payment not place successfully but the validation message appears only in name field “this field is required”",,malak elmligy,712020:21f07b9a-d8ec-4235-b6a5-157c7915bbf6,,,,,,,,,,QAE-115,QAE-112,14/Nov/25 8:53 AM;e7a8a569-c9a5-4add-82bd-9acf7007ed47;bandicam 2025-11-14 08-51-52-044.mp4;https://malakelmligy1.atlassian.net/rest/api/3/attachment/content/10056,,,0|i000q7:,,,,,,To Do,14/Nov/25 8:53 AM
Form accepts numeric-only values in the message field,QAE-108,10341,Bug,To Do,QAE,QA-automation exercise,software,malak elmligy,712020:21f07b9a-d8ec-4235-b6a5-157c7915bbf6,,Medium,,malak elmligy,712020:21f07b9a-d8ec-4235-b6a5-157c7915bbf6,malak elmligy,712020:21f07b9a-d8ec-4235-b6a5-157c7915bbf6,malak elmligy,712020:21f07b9a-d8ec-4235-b6a5-157c7915bbf6,14/Nov/25 7:58 AM,14/Nov/25 9:37 AM,,,,0,"{color:#ff5630}+precondition:+{color}

1-Google chrome           2-Wifi connection           3-user is on [https://automationexercise.com/|https://automationexercise.com/|smart-link]  

{color:#ff5630}+Steps to reproduce:+{color}

1-open website

2-click on contact us from the menu

3-enter ""malak"" in name field

4-enter [""mm23@gmail.com|mailto:""mm23@gmail.com]""

5-fill the subject field

6-write a message""12345""

7-choose file

8-click the submit button

{color:#ff5630}+expected result:+{color}

form not submitted and error message ""message field should contains letter""

appears in the message field

{color:#ff5630}+actual result:+{color}

The form submitted successfully",,malak elmligy,712020:21f07b9a-d8ec-4235-b6a5-157c7915bbf6,,,,,,,,,,QAE-107,QAE-2,14/Nov/25 7:58 AM;e7a8a569-c9a5-4add-82bd-9acf7007ed47;bandicam 2025-11-14 07-57-36-681.mp4;https://malakelmligy1.atlassian.net/rest/api/3/attachment/content/10054,,,0|i000of:,,,,,,To Do,14/Nov/25 7:58 AM
Form accepts numeric-only values in the name field,QAE-106,10339,Bug,To Do,QAE,QA-automation exercise,software,malak elmligy,712020:21f07b9a-d8ec-4235-b6a5-157c7915bbf6,,Medium,,malak elmligy,712020:21f07b9a-d8ec-4235-b6a5-157c7915bbf6,malak elmligy,712020:21f07b9a-d8ec-4235-b6a5-157c7915bbf6,malak elmligy,712020:21f07b9a-d8ec-4235-b6a5-157c7915bbf6,14/Nov/25 7:46 AM,14/Nov/25 9:37 AM,,,,0,"{color:#ff5630}+precondition:+{color}

1-Google chrome           2-Wifi connection           3-user is on [https://automationexercise.com/|https://automationexercise.com/|smart-link]  

{color:#ff5630}+Steps to reproduce:+{color}

1-open website

2-click on contact us from the menu

3-enter""1234""in name field

4-enter [""mm23@gmail.com|mailto:""mm23@gmaile.com]""

5-fill the subject field

6-write a message ""i want to contact the support""

7-choose file

8-click the submit button

{color:#ff5630}+expected result:+{color}

form not submitted and error message ""name format isnt correct"" appears in the name field

{color:#ff5630}+actual result:+{color}

the form submitted successfully",,malak elmligy,712020:21f07b9a-d8ec-4235-b6a5-157c7915bbf6,,,,,,,,,,QAE-100,QAE-2,14/Nov/25 7:46 AM;e7a8a569-c9a5-4add-82bd-9acf7007ed47;bandicam 2025-11-14 07-44-31-321.mp4;https://malakelmligy1.atlassian.net/rest/api/3/attachment/content/10050,,,0|i000nz:,,,,,,To Do,14/Nov/25 7:46 AM
Form allows submission when the message field is empty,QAE-105,10338,Bug,To Do,QAE,QA-automation exercise,software,malak elmligy,712020:21f07b9a-d8ec-4235-b6a5-157c7915bbf6,,Medium,,malak elmligy,712020:21f07b9a-d8ec-4235-b6a5-157c7915bbf6,malak elmligy,712020:21f07b9a-d8ec-4235-b6a5-157c7915bbf6,malak elmligy,712020:21f07b9a-d8ec-4235-b6a5-157c7915bbf6,14/Nov/25 7:39 AM,14/Nov/25 9:37 AM,,,,0,"{color:#ff5630}+precondition:+{color}

1-Google chrome           2-Wifi connection           3-user is on [https://automationexercise.com/|https://automationexercise.com/|smart-link]  

{color:#ff5630}+Steps to reproduce:+{color}

1-open website

2-click on contact us from the menu

3-enter ""malak"" in name field

4-enter [""mm23@gmail.com|mailto:""mm23@gmaile.com]""

5-fill the subject field

6-leave message field empty

7-choose file

8-click the submit button

{color:#ff5630}+expected result:+{color}

form should not submitted and validation 

error message should appear at the message field ""please fill out this field""

{color:#ff5630}+actual result:+{color}

The form submitted successfully",,malak elmligy,712020:21f07b9a-d8ec-4235-b6a5-157c7915bbf6,,,,,,,,,,QAE-104,QAE-2,14/Nov/25 7:37 AM;e7a8a569-c9a5-4add-82bd-9acf7007ed47;bandicam 2025-11-14 07-36-35-551.mp4;https://malakelmligy1.atlassian.net/rest/api/3/attachment/content/10048,,,0|i000nr:,,,,,,To Do,14/Nov/25 7:39 AM
Form accept special characters in the name field,QAE-99,10332,Bug,To Do,QAE,QA-automation exercise,software,malak elmligy,712020:21f07b9a-d8ec-4235-b6a5-157c7915bbf6,,Medium,,malak elmligy,712020:21f07b9a-d8ec-4235-b6a5-157c7915bbf6,malak elmligy,712020:21f07b9a-d8ec-4235-b6a5-157c7915bbf6,malak elmligy,712020:21f07b9a-d8ec-4235-b6a5-157c7915bbf6,14/Nov/25 7:10 AM,14/Nov/25 9:37 AM,,,,0,"{color:#ff5630}+precondition:+{color}

1-Google chrome           2-Wifi connection           3-user is on [https://automationexercise.com/|https://automationexercise.com/|smart-link]  

{color:#ff5630}+Steps to reproduce:+{color}

1-open website

2-click on contact us from the menu

3-enter ""@malak"" in name field

4-enter [""mm23@gmail.com|mailto:""mm23@gmaile.com]""

5-fill the subject field

6-write a message ""i want to contact the support""

7-choose file

8-click the submit button

{color:#ff5630}+expected result:+{color}

form not submitted and error message ""name format isnt correct "" appears in the name field

{color:#ff5630}+actual result:+{color}

the form submitted successfully",,malak elmligy,712020:21f07b9a-d8ec-4235-b6a5-157c7915bbf6,,,,,,,,,,QAE-98,QAE-2,14/Nov/25 7:48 AM;e7a8a569-c9a5-4add-82bd-9acf7007ed47;bandicam 2025-11-14 07-47-47-617.mp4;https://malakelmligy1.atlassian.net/rest/api/3/attachment/content/10051,,,0|i000mf:,,,,,,To Do,14/Nov/25 7:10 AM
Submit works even when name field is empty,QAE-97,10330,Bug,To Do,QAE,QA-automation exercise,software,malak elmligy,712020:21f07b9a-d8ec-4235-b6a5-157c7915bbf6,,Medium,,malak elmligy,712020:21f07b9a-d8ec-4235-b6a5-157c7915bbf6,malak elmligy,712020:21f07b9a-d8ec-4235-b6a5-157c7915bbf6,malak elmligy,712020:21f07b9a-d8ec-4235-b6a5-157c7915bbf6,14/Nov/25 6:59 AM,14/Nov/25 9:37 AM,,,,0,"{color:#ff5630}+precondition:+{color}

1-Google chrome           2-Wifi connection           3-user is on [https://automationexercise.com/|https://automationexercise.com/|smart-link]  

{color:#ff5630}+Steps to reproduce:+{color}

1-open website

2-click on contact us from the menu

3-leave name field empty

4-enter [""mm23@gmail.com|mailto:""mm23@gmaile.com]""

5-fill the subject field

6-write a message ""i want to contact the support""

7-choose file

8-click the submit button

{color:#ff5630}+expected result:+{color}

form should not submitted and validation error message should appear at the name field ""please fill out this field""

{color:#ff5630}+actual result:+{color}

the form submitted successfully",,malak elmligy,712020:21f07b9a-d8ec-4235-b6a5-157c7915bbf6,,,,,,,,,,QAE-96,QAE-2,14/Nov/25 7:50 AM;e7a8a569-c9a5-4add-82bd-9acf7007ed47;bandicam 2025-11-14 07-50-01-419.mp4;https://malakelmligy1.atlassian.net/rest/api/3/attachment/content/10052,,,0|i000lz:,,,,,,To Do,14/Nov/25 6:59 AM
Form validation only triggers for the email field when submitting an empty form,QAE-95,10328,Bug,To Do,QAE,QA-automation exercise,software,malak elmligy,712020:21f07b9a-d8ec-4235-b6a5-157c7915bbf6,,Medium,,malak elmligy,712020:21f07b9a-d8ec-4235-b6a5-157c7915bbf6,malak elmligy,712020:21f07b9a-d8ec-4235-b6a5-157c7915bbf6,malak elmligy,712020:21f07b9a-d8ec-4235-b6a5-157c7915bbf6,14/Nov/25 6:43 AM,14/Nov/25 9:36 AM,,,,0,"{color:#ff5630}+precondition:+{color}

1-Google chrome           2-Wifi connection           3-user is on [https://automationexercise.com/|https://automationexercise.com/|smart-link] 

{color:#ff5630}+Steps to reproduce:+{color}

1-open website

2-click on contact us from the menu

3-leave all fields empty

4-click the submit button

{color:#ff5630}+expected result:+{color}

form should not submit and validation error message should appear

{color:#ff5630}+actual result:+{color}

form did not submit but an error message appears only at the email field that say ""please fill out this field""",,malak elmligy,712020:21f07b9a-d8ec-4235-b6a5-157c7915bbf6,,,,,,,,,,QAE-2,QAE-94,14/Nov/25 6:43 AM;e7a8a569-c9a5-4add-82bd-9acf7007ed47;bandicam 2025-11-14 06-40-45-696.mp4;https://malakelmligy1.atlassian.net/rest/api/3/attachment/content/10040,,,0|i000lj:,,,,,,To Do,14/Nov/25 6:43 AM
Product image does not open product details page,QAE-67,10300,Bug,To Do,QAE,QA-automation exercise,software,malak elmligy,712020:21f07b9a-d8ec-4235-b6a5-157c7915bbf6,,Medium,,Ali Ahmed,712020:54f980b1-e226-4638-ac71-954b27d2a5d5,Ali Ahmed,712020:54f980b1-e226-4638-ac71-954b27d2a5d5,Ali Ahmed,712020:54f980b1-e226-4638-ac71-954b27d2a5d5,14/Nov/25 1:52 AM,14/Nov/25 2:02 AM,,,,0,"Preconditions:

|1-Google chrome  
2-Wifi connection
3-user is on [https://automationexercise.com/|https://automationexercise.com/|smart-link] 
4-User is already logged in
5-User already has products in cart|

Steps to reproduce:

|1-Launch browser
2-Go to url [https://automationexercise.com/|https://automationexercise.com/|smart-link] 
3-Click on cart  from the top menu
4-Click ""Proceed To Checkout""
5-Scroll down to the “Review Your Order” section
6-Click on the product image|

Expected result:

|Clicking on the product image should open the product details page
exactly like when clicking on the product name|

Actual result:

|Clicking on the product image reloads the checkout page
and does not open the product details page|",,Ali Ahmed,712020:54f980b1-e226-4638-ac71-954b27d2a5d5,,,,,,,,,,QAE-33,QAE-61,14/Nov/25 2:02 AM;ug:225a3a1a-e53f-4d30-a7bf-98d3e4ce1f32;bandicam 2025-11-14 01-59-05-350.mp4;https://malakelmligy1.atlassian.net/rest/api/3/attachment/content/10038,,,0|i000fb:,,,bca7841b-376c-42c2-b448-fd98060270ce,QA-automation exercise,,To Do,14/Nov/25 1:52 AM
Name input in Review section takes numbers ,QAE-31,10234,Bug,To Do,QAE,QA-automation exercise,software,malak elmligy,712020:21f07b9a-d8ec-4235-b6a5-157c7915bbf6,,Medium,,David Simon,712020:6cd36898-b7c5-434c-a9e4-8b724db6069e,David Simon,712020:6cd36898-b7c5-434c-a9e4-8b724db6069e,David Simon,712020:6cd36898-b7c5-434c-a9e4-8b724db6069e,13/Nov/25 6:14 PM,13/Nov/25 6:14 PM,,,,0,"Preconditions : 

|Chrome version 140 
 WiFI 
 |

Steps to reproduce : 

|# Launch browser
# Navigate to url '[http://automationexercise.com|http://automationexercise.com|smart-link] '
# Click on 'Products' button
# Click on “Men Tshirt” and Click on ""view products""
# Scroll down to write review section
# Input a ""000000000"" in the name|

Expected result : 

|A error message appear with ""Name shouldnot have numbers""|

Actual result : 

|The review done successfully|",,David Simon,712020:6cd36898-b7c5-434c-a9e4-8b724db6069e,,,,,,,,,,QAE-1,,13/Nov/25 6:14 PM;ug:0c9cbeb9-c523-40b5-9c9f-5059dbc8eaf9;Name input takes numbers.mp4;https://malakelmligy1.atlassian.net/rest/api/3/attachment/content/10007,,,0|i0007j:,,,,,,To Do,13/Nov/25 6:14 PM
Name input in Review section takes special Characters,QAE-30,10233,Bug,To Do,QAE,QA-automation exercise,software,malak elmligy,712020:21f07b9a-d8ec-4235-b6a5-157c7915bbf6,,Medium,,David Simon,712020:6cd36898-b7c5-434c-a9e4-8b724db6069e,David Simon,712020:6cd36898-b7c5-434c-a9e4-8b724db6069e,David Simon,712020:6cd36898-b7c5-434c-a9e4-8b724db6069e,13/Nov/25 6:09 PM,13/Nov/25 6:09 PM,13/Nov/25 6:14 PM,,,0,"Preconditions : 

|Chrome version 140 
 WiFI 
 |

steps to reproduce : 

|# Launch browser
# Navigate to url '[http://automationexercise.com|http://automationexercise.com|smart-link] '
# Click on 'Products' button
# Click on ""view products""
# Scroll down to write review section
# Input a special characters in the name|

Expected result : 

|A error message appear with ""Name shouldnot have special characters""|

Actual result : 

|The review done successfully|",,David Simon,712020:6cd36898-b7c5-434c-a9e4-8b724db6069e,,,,,,,,,,QAE-1,,13/Nov/25 6:09 PM;ug:0c9cbeb9-c523-40b5-9c9f-5059dbc8eaf9;Name input in Review section takes special Characters.mp4;https://malakelmligy1.atlassian.net/rest/api/3/attachment/content/10005,,,0|i0007b:,,,,,,To Do,13/Nov/25 6:09 PM
Product image not displaying correctly for “Men T-shirt”,QAE-29,10232,Bug,To Do,QAE,QA-automation exercise,software,malak elmligy,712020:21f07b9a-d8ec-4235-b6a5-157c7915bbf6,,Medium,,David Simon,712020:6cd36898-b7c5-434c-a9e4-8b724db6069e,David Simon,712020:6cd36898-b7c5-434c-a9e4-8b724db6069e,David Simon,712020:6cd36898-b7c5-434c-a9e4-8b724db6069e,13/Nov/25 6:02 PM,13/Nov/25 6:09 PM,,,,0,"Preconditions : 

|Chrome version 140 
 WiFI 
 |

Steps to reproduce : 

|# Launch browser
# Navigate to url '[http://automationexercise.com|http://automationexercise.com|smart-link] '
# Click on 'Products' button
# Click on ""Men Tshirt"" product|

Expected result : 

|The image displays the product well|

Actual result : 

|The image not displays the product |",,David Simon,712020:6cd36898-b7c5-434c-a9e4-8b724db6069e,,,,,,,,,,QAE-1,,13/Nov/25 6:02 PM;ug:0c9cbeb9-c523-40b5-9c9f-5059dbc8eaf9;Product image not displaying correctly for “Men T-shirt”.mp4;https://malakelmligy1.atlassian.net/rest/api/3/attachment/content/10003,,,0|i00073:,,,,,,To Do,13/Nov/25 6:02 PM
Kids filter displays unrelated products when “Dress” is selected,QAE-28,10231,Bug,To Do,QAE,QA-automation exercise,software,malak elmligy,712020:21f07b9a-d8ec-4235-b6a5-157c7915bbf6,,Medium,,David Simon,712020:6cd36898-b7c5-434c-a9e4-8b724db6069e,David Simon,712020:6cd36898-b7c5-434c-a9e4-8b724db6069e,David Simon,712020:6cd36898-b7c5-434c-a9e4-8b724db6069e,13/Nov/25 5:57 PM,13/Nov/25 6:09 PM,,,,0,"Preconditions : 

|Chrome version 140 
 WiFI 
 |

Steps to reproduce : 

|# Launch browser
# Navigate to url '[http://automationexercise.com|http://automationexercise.com|smart-link] '
# Click on 'Products' button
# Click on plus button at Kids on the left
# Click on ""Dress""|

Expected result : 

|The products that appears is related to the serached items only for kids|

Actual result : 

|The first product is not related to the searched items ""Top and short"" in dress search|",,David Simon,712020:6cd36898-b7c5-434c-a9e4-8b724db6069e,,,,,,,,,,QAE-1,,13/Nov/25 5:57 PM;ug:0c9cbeb9-c523-40b5-9c9f-5059dbc8eaf9;Kids filter displays unrelated products when “Dress” is selecte.mp4;https://malakelmligy1.atlassian.net/rest/api/3/attachment/content/10001,,,0|i0006v:,,,,,,To Do,13/Nov/25 5:57 PM
