Summary,Issue key,Issue id,Issue Type,Status,Project key,Project name,Project type,Project lead,Project lead id,Project description,Priority,Resolution,Assignee,Assignee Id,Reporter,Reporter Id,Creator,Creator Id,Created,Updated,Last Viewed,Resolved,Due date,Votes,Description,Environment,Original estimate,Remaining Estimate,Time Spent,Work Ratio,Σ Original Estimate,Σ Remaining Estimate,Σ Time Spent,Security Level,Inward issue link (Relates),Outward issue link (Relates),Outward issue link (Relates),Outward issue link (Relates),Outward issue link (Relates),Outward issue link (Relates),Outward issue link (Relates),Outward issue link (Relates),Outward issue link (Relates),Outward issue link (Relates),Outward issue link (Relates),Outward issue link (Relates),Outward issue link (Relates),Outward issue link (Relates),Outward issue link (Relates),Outward issue link (Relates),Outward issue link (Relates),Outward issue link (Relates),Outward issue link (Relates),Outward issue link (Relates),Outward issue link (Relates),Attachment,Attachment,Custom field (Development),Custom field (Issue color),Custom field (Rank),Sprint,Custom field (Start date),Custom field (Story point estimate),Custom field (Team),Custom field (Vulnerability),Parent,Parent key,Parent summary,Status Category,Status Category Changed
Data Base,QAE-32,10264,Story,To Do,QAE,QA-automation exercise,software,malak elmligy,712020:21f07b9a-d8ec-4235-b6a5-157c7915bbf6,,Medium,,Mohamed Rabee,712020:71f182b1-e975-433d-9250-1cb8aa64e0c6,Mohamed Rabee,712020:71f182b1-e975-433d-9250-1cb8aa64e0c6,Mohamed Rabee,712020:71f182b1-e975-433d-9250-1cb8aa64e0c6,13/Nov/25 11:36 PM,15/Nov/25 10:17 AM,,,,0,check validation on data base tables of opencart website,,,,,,,,,,,QAE-34,QAE-128,QAE-145,QAE-146,QAE-147,QAE-148,QAE-149,QAE-150,QAE-151,QAE-152,QAE-153,QAE-154,QAE-155,QAE-156,QAE-157,QAE-158,QAE-159,QAE-160,QAE-161,QAE-162,,,,,0|i0007r:,QAE Sprint 1,,,,,10132,QAE-3,Epic that has all user stories ,To Do,13/Nov/25 11:36 PM
Successful customer registration,QAE-34,10267,Test case,To Do,QAE,QA-automation exercise,software,malak elmligy,712020:21f07b9a-d8ec-4235-b6a5-157c7915bbf6,,Medium,,Mohamed Rabee,712020:71f182b1-e975-433d-9250-1cb8aa64e0c6,Mohamed Rabee,712020:71f182b1-e975-433d-9250-1cb8aa64e0c6,Mohamed Rabee,712020:71f182b1-e975-433d-9250-1cb8aa64e0c6,13/Nov/25 11:45 PM,14/Nov/25 8:48 AM,,,,0,"Precondition:
opencart is running without any account

steps:
register with valid cred.

access table called oc_customer

expected result:
the data of the user is found like : frist name , last name , email and hashed password",,,,,,,,,,QAE-32,,,,,,,,,,,,,,,,,,,,,13/Nov/25 11:45 PM;ug:77146ad6-cbcc-4fe2-b6be-de6d9eda2ae7;image-20251113-214546.png;https://malakelmligy1.atlassian.net/rest/api/3/attachment/content/10034,,,,0|i00087:,,,,,,10132,QAE-3,Epic that has all user stories ,To Do,13/Nov/25 11:45 PM
Verify duplicate email registration is blocked,QAE-128,10362,Test case,To Do,QAE,QA-automation exercise,software,malak elmligy,712020:21f07b9a-d8ec-4235-b6a5-157c7915bbf6,,Medium,,Mohamed Rabee,712020:71f182b1-e975-433d-9250-1cb8aa64e0c6,Mohamed Rabee,712020:71f182b1-e975-433d-9250-1cb8aa64e0c6,Mohamed Rabee,712020:71f182b1-e975-433d-9250-1cb8aa64e0c6,14/Nov/25 5:46 PM,14/Nov/25 5:46 PM,,,,0,"*Precondition:* A customer already exists with email.
*Steps:*

# Try registering again with same email.
# access table called oc_customer

*Expected result:*
 Error shown and no new record added.",,,,,,,,,,QAE-32,,,,,,,,,,,,,,,,,,,,,14/Nov/25 5:43 PM;ug:77146ad6-cbcc-4fe2-b6be-de6d9eda2ae7;image-20251114-154321.png;https://malakelmligy1.atlassian.net/rest/api/3/attachment/content/10067,14/Nov/25 5:43 PM;ug:77146ad6-cbcc-4fe2-b6be-de6d9eda2ae7;image-20251114-154342.png;https://malakelmligy1.atlassian.net/rest/api/3/attachment/content/10068,,,0|i000sv:,QAE Sprint 1,,,,,10132,QAE-3,Epic that has all user stories ,To Do,14/Nov/25 5:46 PM
Verify wishlist item is added,QAE-145,10380,Test case,To Do,QAE,QA-automation exercise,software,malak elmligy,712020:21f07b9a-d8ec-4235-b6a5-157c7915bbf6,,Medium,,Mohamed Rabee,712020:71f182b1-e975-433d-9250-1cb8aa64e0c6,Mohamed Rabee,712020:71f182b1-e975-433d-9250-1cb8aa64e0c6,Mohamed Rabee,712020:71f182b1-e975-433d-9250-1cb8aa64e0c6,15/Nov/25 3:04 AM,15/Nov/25 3:04 AM,,,,0,"*Precondition:* 

User logged in.


*Steps:*

# Add a product to wishlist.
# access table called oc_customer_wishlist



*Expected:* 

Row added to oc_customer_wishlist",,,,,,,,,,QAE-32,,,,,,,,,,,,,,,,,,,,,15/Nov/25 3:04 AM;ug:77146ad6-cbcc-4fe2-b6be-de6d9eda2ae7;image-20251115-010411.png;https://malakelmligy1.atlassian.net/rest/api/3/attachment/content/10092,,,,0|i000wn:,QAE Sprint 1,,,,,10132,QAE-3,Epic that has all user stories ,To Do,15/Nov/25 3:04 AM
Verify wishlist item is removed,QAE-146,10382,Test case,To Do,QAE,QA-automation exercise,software,malak elmligy,712020:21f07b9a-d8ec-4235-b6a5-157c7915bbf6,,Medium,,Mohamed Rabee,712020:71f182b1-e975-433d-9250-1cb8aa64e0c6,Mohamed Rabee,712020:71f182b1-e975-433d-9250-1cb8aa64e0c6,Mohamed Rabee,712020:71f182b1-e975-433d-9250-1cb8aa64e0c6,15/Nov/25 3:07 AM,15/Nov/25 3:07 AM,,,,0,"*Precondition:* 

Wishlist has items.


*Steps:*

# Remove the product from wishlist 
# access table called oc_customer_wishlist 



*Expected:* 

Row deleted from table oc_customer_wishlist",,,,,,,,,,QAE-32,,,,,,,,,,,,,,,,,,,,,15/Nov/25 3:07 AM;ug:77146ad6-cbcc-4fe2-b6be-de6d9eda2ae7;image-20251115-010744.png;https://malakelmligy1.atlassian.net/rest/api/3/attachment/content/10094,,,,0|i000wv:,QAE Sprint 1,,,,,10132,QAE-3,Epic that has all user stories ,To Do,15/Nov/25 3:07 AM
Verify cart items are stored in session table,QAE-147,10384,Test case,To Do,QAE,QA-automation exercise,software,malak elmligy,712020:21f07b9a-d8ec-4235-b6a5-157c7915bbf6,,Medium,,Mohamed Rabee,712020:71f182b1-e975-433d-9250-1cb8aa64e0c6,Mohamed Rabee,712020:71f182b1-e975-433d-9250-1cb8aa64e0c6,Mohamed Rabee,712020:71f182b1-e975-433d-9250-1cb8aa64e0c6,15/Nov/25 3:12 AM,15/Nov/25 3:12 AM,,,,0,"*Precondition:* 

User is logged in


*Steps:*

# Add product to cart.
# access table called oc_cart



*Expected:* 

one row added to table oc_cart",,,,,,,,,,QAE-32,,,,,,,,,,,,,,,,,,,,,15/Nov/25 3:11 AM;ug:77146ad6-cbcc-4fe2-b6be-de6d9eda2ae7;image-20251115-011149.png;https://malakelmligy1.atlassian.net/rest/api/3/attachment/content/10096,,,,0|i000x3:,QAE Sprint 1,,,,,10132,QAE-3,Epic that has all user stories ,To Do,15/Nov/25 3:12 AM
Verify cart is cleared after order placed,QAE-148,10386,Test case,To Do,QAE,QA-automation exercise,software,malak elmligy,712020:21f07b9a-d8ec-4235-b6a5-157c7915bbf6,,Medium,,Mohamed Rabee,712020:71f182b1-e975-433d-9250-1cb8aa64e0c6,Mohamed Rabee,712020:71f182b1-e975-433d-9250-1cb8aa64e0c6,Mohamed Rabee,712020:71f182b1-e975-433d-9250-1cb8aa64e0c6,15/Nov/25 3:16 AM,15/Nov/25 3:16 AM,,,,0,"*Precondition:* 

User has items in cart.


*Steps:*

# Place the order.
# access table called oc_cart



*Expected:*

 oc_cart table becomes empty.",,,,,,,,,,QAE-32,,,,,,,,,,,,,,,,,,,,,15/Nov/25 3:16 AM;ug:77146ad6-cbcc-4fe2-b6be-de6d9eda2ae7;image-20251115-011603.png;https://malakelmligy1.atlassian.net/rest/api/3/attachment/content/10098,,,,0|i000xb:,QAE Sprint 1,,,,,10132,QAE-3,Epic that has all user stories ,To Do,15/Nov/25 3:16 AM
Verify order is added to orders table,QAE-149,10388,Test case,To Do,QAE,QA-automation exercise,software,malak elmligy,712020:21f07b9a-d8ec-4235-b6a5-157c7915bbf6,,Medium,,Mohamed Rabee,712020:71f182b1-e975-433d-9250-1cb8aa64e0c6,Mohamed Rabee,712020:71f182b1-e975-433d-9250-1cb8aa64e0c6,Mohamed Rabee,712020:71f182b1-e975-433d-9250-1cb8aa64e0c6,15/Nov/25 3:20 AM,15/Nov/25 3:20 AM,,,,0,"*Precondition:* 

User checks out an order


*Steps:*

# Submit checkout.
# access table called oc_order



*Expected:* 

New row is added in oc_order.",,,,,,,,,,QAE-32,,,,,,,,,,,,,,,,,,,,,15/Nov/25 3:19 AM;ug:77146ad6-cbcc-4fe2-b6be-de6d9eda2ae7;image-20251115-011955.png;https://malakelmligy1.atlassian.net/rest/api/3/attachment/content/10100,,,,0|i000xj:,QAE Sprint 1,,,,,10132,QAE-3,Epic that has all user stories ,To Do,15/Nov/25 3:20 AM
Verify order product rows are inserted,QAE-150,10390,Test case,To Do,QAE,QA-automation exercise,software,malak elmligy,712020:21f07b9a-d8ec-4235-b6a5-157c7915bbf6,,Medium,,Mohamed Rabee,712020:71f182b1-e975-433d-9250-1cb8aa64e0c6,Mohamed Rabee,712020:71f182b1-e975-433d-9250-1cb8aa64e0c6,Mohamed Rabee,712020:71f182b1-e975-433d-9250-1cb8aa64e0c6,15/Nov/25 3:34 AM,15/Nov/25 3:34 AM,,,,0,"*Precondition:* 

logged in user

h3. *Steps:*

# Create order with multiple items (2 or more).
# access table called oc_order_product.

h3. *Expected:*

* All items appear in My Orders.
* Rows added in oc_order_product.",,,,,,,,,,QAE-32,,,,,,,,,,,,,,,,,,,,,15/Nov/25 3:31 AM;ug:77146ad6-cbcc-4fe2-b6be-de6d9eda2ae7;image-20251115-013145.png;https://malakelmligy1.atlassian.net/rest/api/3/attachment/content/10102,,,,0|i000xr:,QAE Sprint 1,,,,,10132,QAE-3,Epic that has all user stories ,To Do,15/Nov/25 3:34 AM
Verify customer address is stored,QAE-151,10392,Test case,To Do,QAE,QA-automation exercise,software,malak elmligy,712020:21f07b9a-d8ec-4235-b6a5-157c7915bbf6,,Medium,,Mohamed Rabee,712020:71f182b1-e975-433d-9250-1cb8aa64e0c6,Mohamed Rabee,712020:71f182b1-e975-433d-9250-1cb8aa64e0c6,Mohamed Rabee,712020:71f182b1-e975-433d-9250-1cb8aa64e0c6,15/Nov/25 3:46 AM,15/Nov/25 3:46 AM,,,,0,"*Precondition:* 

Customer logged in.

h3. *Steps:*

# Go to *My Account → Address Book*.
# Click *New Address*.
# Enter complete address.
# Save.
# access table called oc_address

h3. *Expected:*

* Address appears in account.
* Row added in oc_address",,,,,,,,,,QAE-32,,,,,,,,,,,,,,,,,,,,,15/Nov/25 3:45 AM;ug:77146ad6-cbcc-4fe2-b6be-de6d9eda2ae7;image-20251115-014500.png;https://malakelmligy1.atlassian.net/rest/api/3/attachment/content/10104,,,,0|i000xz:,QAE Sprint 1,,,,,10132,QAE-3,Epic that has all user stories ,To Do,15/Nov/25 3:46 AM
Verify updating address updates DB,QAE-152,10394,Test case,To Do,QAE,QA-automation exercise,software,malak elmligy,712020:21f07b9a-d8ec-4235-b6a5-157c7915bbf6,,Medium,,Mohamed Rabee,712020:71f182b1-e975-433d-9250-1cb8aa64e0c6,Mohamed Rabee,712020:71f182b1-e975-433d-9250-1cb8aa64e0c6,Mohamed Rabee,712020:71f182b1-e975-433d-9250-1cb8aa64e0c6,15/Nov/25 3:49 AM,15/Nov/25 3:49 AM,,,,0,"*Precondition:* 

Customer has at least 1 saved address.

h3. *Steps:*

# Go to *Address Book*.
# Choose *Edit* for the address.
# Change street or city.
# Click *Save*.
# access table called oc_address

h3. *Expected:*

* Address updated successfully in table oc_address",,,,,,,,,,QAE-32,,,,,,,,,,,,,,,,,,,,,15/Nov/25 3:49 AM;ug:77146ad6-cbcc-4fe2-b6be-de6d9eda2ae7;image-20251115-014914.png;https://malakelmligy1.atlassian.net/rest/api/3/attachment/content/10106,,,,0|i000y7:,QAE Sprint 1,,,,,10132,QAE-3,Epic that has all user stories ,To Do,15/Nov/25 3:49 AM
Verify customer review is saved,QAE-153,10428,Test case,To Do,QAE,QA-automation exercise,software,malak elmligy,712020:21f07b9a-d8ec-4235-b6a5-157c7915bbf6,,Medium,,Mohamed Rabee,712020:71f182b1-e975-433d-9250-1cb8aa64e0c6,Mohamed Rabee,712020:71f182b1-e975-433d-9250-1cb8aa64e0c6,Mohamed Rabee,712020:71f182b1-e975-433d-9250-1cb8aa64e0c6,15/Nov/25 9:26 AM,15/Nov/25 9:26 AM,,,,0,"*Precondition:*

 Customer logged in.

h3. *Steps:*

# Open a product page.
# Scroll to *Reviews*.
# Enter name, rating, review.
# Click *Submit*.
# access table called oc_review

h3. *Expected:*

* Success message appears.
* Row inserted in oc_review",,,,,,,,,,QAE-32,,,,,,,,,,,,,,,,,,,,,15/Nov/25 9:24 AM;ug:77146ad6-cbcc-4fe2-b6be-de6d9eda2ae7;image-20251115-072453.png;https://malakelmligy1.atlassian.net/rest/api/3/attachment/content/10140,,,,0|i000yf:,QAE Sprint 1,,,,,10132,QAE-3,Epic that has all user stories ,To Do,15/Nov/25 9:26 AM
Verify review default status = pending,QAE-154,10430,Test case,To Do,QAE,QA-automation exercise,software,malak elmligy,712020:21f07b9a-d8ec-4235-b6a5-157c7915bbf6,,Medium,,Mohamed Rabee,712020:71f182b1-e975-433d-9250-1cb8aa64e0c6,Mohamed Rabee,712020:71f182b1-e975-433d-9250-1cb8aa64e0c6,Mohamed Rabee,712020:71f182b1-e975-433d-9250-1cb8aa64e0c6,15/Nov/25 9:28 AM,15/Nov/25 9:28 AM,,,,0,"*Precondition:*

 Review submitted.

h3. *Steps:*

# Submit a review.
# Wait for submission.
# Check status in oc_review table

h3. *Expected:*

* Review appears with status = 0",,,,,,,,,,QAE-32,,,,,,,,,,,,,,,,,,,,,15/Nov/25 9:27 AM;ug:77146ad6-cbcc-4fe2-b6be-de6d9eda2ae7;image-20251115-072716.png;https://malakelmligy1.atlassian.net/rest/api/3/attachment/content/10142,,,,0|i000yn:,QAE Sprint 1,,,,,10132,QAE-3,Epic that has all user stories ,To Do,15/Nov/25 9:28 AM
Verify newsletter subscription is stored,QAE-155,10432,Test case,To Do,QAE,QA-automation exercise,software,malak elmligy,712020:21f07b9a-d8ec-4235-b6a5-157c7915bbf6,,Medium,,Mohamed Rabee,712020:71f182b1-e975-433d-9250-1cb8aa64e0c6,Mohamed Rabee,712020:71f182b1-e975-433d-9250-1cb8aa64e0c6,Mohamed Rabee,712020:71f182b1-e975-433d-9250-1cb8aa64e0c6,15/Nov/25 9:32 AM,15/Nov/25 9:32 AM,,,,0,"*Precondition:* 

Customer logged in.

h3. *Steps:*

# Go to *My Account*.
# Click *Newsletter*.
# Select *Subscribe*.
# Click *Continue*.
# access table called oc_customer

h3. *Expected:*

* Subscription updated with newsletter = 1",,,,,,,,,,QAE-32,,,,,,,,,,,,,,,,,,,,,15/Nov/25 9:30 AM;ug:77146ad6-cbcc-4fe2-b6be-de6d9eda2ae7;image-20251115-073026.png;https://malakelmligy1.atlassian.net/rest/api/3/attachment/content/10144,,,,0|i000yv:,QAE Sprint 1,,,,,10132,QAE-3,Epic that has all user stories ,To Do,15/Nov/25 9:32 AM
Verify newsletter unsubscribe updates database,QAE-156,10434,Test case,To Do,QAE,QA-automation exercise,software,malak elmligy,712020:21f07b9a-d8ec-4235-b6a5-157c7915bbf6,,Medium,,Mohamed Rabee,712020:71f182b1-e975-433d-9250-1cb8aa64e0c6,Mohamed Rabee,712020:71f182b1-e975-433d-9250-1cb8aa64e0c6,Mohamed Rabee,712020:71f182b1-e975-433d-9250-1cb8aa64e0c6,15/Nov/25 9:41 AM,15/Nov/25 9:41 AM,,,,0,"*Precondition:* 

Customer is subscribed.

h3. *Steps:*

# Go to *My Account → Newsletter*.
# Select *Unsubscribe*.
# Click *Continue*.
# access table called oc_customer

h3. *Expected:*

* Newsletter flag becomes 0.",,,,,,,,,,QAE-32,,,,,,,,,,,,,,,,,,,,,15/Nov/25 9:39 AM;ug:77146ad6-cbcc-4fe2-b6be-de6d9eda2ae7;image-20251115-073948.png;https://malakelmligy1.atlassian.net/rest/api/3/attachment/content/10146,,,,0|i000z3:,QAE Sprint 1,,,,,10132,QAE-3,Epic that has all user stories ,To Do,15/Nov/25 9:41 AM
Verify removal of an address deletes DB row,QAE-157,10436,Test case,To Do,QAE,QA-automation exercise,software,malak elmligy,712020:21f07b9a-d8ec-4235-b6a5-157c7915bbf6,,Medium,,Mohamed Rabee,712020:71f182b1-e975-433d-9250-1cb8aa64e0c6,Mohamed Rabee,712020:71f182b1-e975-433d-9250-1cb8aa64e0c6,Mohamed Rabee,712020:71f182b1-e975-433d-9250-1cb8aa64e0c6,15/Nov/25 9:50 AM,15/Nov/25 9:50 AM,,,,0,"*Precondition:* 

Customer has multiple saved addresses.

h3. *Steps:*

# Go to *Address Book*.
# Click *Delete* on an address.
# Confirm deletion.
# access table called oc_address

h3. *Expected:*

* Address removed from UI.
* Row deleted in table oc_address in DB.",,,,,,,,,,QAE-32,,,,,,,,,,,,,,,,,,,,,15/Nov/25 9:49 AM;ug:77146ad6-cbcc-4fe2-b6be-de6d9eda2ae7;image-20251115-074909.png;https://malakelmligy1.atlassian.net/rest/api/3/attachment/content/10149,15/Nov/25 9:49 AM;ug:77146ad6-cbcc-4fe2-b6be-de6d9eda2ae7;image-20251115-074946.png;https://malakelmligy1.atlassian.net/rest/api/3/attachment/content/10150,,,0|i000zb:,QAE Sprint 1,,,,,10132,QAE-3,Epic that has all user stories ,To Do,15/Nov/25 9:50 AM
Verify added cart quantity updates in database,QAE-158,10438,Test case,To Do,QAE,QA-automation exercise,software,malak elmligy,712020:21f07b9a-d8ec-4235-b6a5-157c7915bbf6,,Medium,,Mohamed Rabee,712020:71f182b1-e975-433d-9250-1cb8aa64e0c6,Mohamed Rabee,712020:71f182b1-e975-433d-9250-1cb8aa64e0c6,Mohamed Rabee,712020:71f182b1-e975-433d-9250-1cb8aa64e0c6,15/Nov/25 9:57 AM,15/Nov/25 9:57 AM,,,,0,"*Precondition:* 

Customer logged in.

h3. *Steps:*

# Open any product page.
# Set quantity to *3*.
# Click *Add to Cart*.
# Open cart page.
# access table called oc_cart

h3. *Expected:*

* Cart shows quantity = 3.
* Quantity in table oc_cart is updated.",,,,,,,,,,QAE-32,,,,,,,,,,,,,,,,,,,,,15/Nov/25 9:55 AM;ug:77146ad6-cbcc-4fe2-b6be-de6d9eda2ae7;image-20251115-075530.png;https://malakelmligy1.atlassian.net/rest/api/3/attachment/content/10152,,,,0|i000zj:,QAE Sprint 1,,,,,10132,QAE-3,Epic that has all user stories ,To Do,15/Nov/25 9:57 AM
Verify reducing cart quantity updates the DB,QAE-159,10440,Test case,To Do,QAE,QA-automation exercise,software,malak elmligy,712020:21f07b9a-d8ec-4235-b6a5-157c7915bbf6,,Medium,,Mohamed Rabee,712020:71f182b1-e975-433d-9250-1cb8aa64e0c6,Mohamed Rabee,712020:71f182b1-e975-433d-9250-1cb8aa64e0c6,Mohamed Rabee,712020:71f182b1-e975-433d-9250-1cb8aa64e0c6,15/Nov/25 9:59 AM,15/Nov/25 9:59 AM,,,,0,"*Precondition:*

 Customer has an item in cart.

h3. *Steps:*

# Go to *Cart* page.
# Change quantity from *3 → 1*.
# Click *Update*.
# access table called oc_cart

h3. *Expected:*

 in table oc_cart, cart quantity updated to = 1.",,,,,,,,,,QAE-32,,,,,,,,,,,,,,,,,,,,,15/Nov/25 9:57 AM;ug:77146ad6-cbcc-4fe2-b6be-de6d9eda2ae7;image-20251115-075746.png;https://malakelmligy1.atlassian.net/rest/api/3/attachment/content/10154,,,,0|i000zr:,QAE Sprint 1,,,,,10132,QAE-3,Epic that has all user stories ,To Do,15/Nov/25 9:59 AM
Verify removing item from cart deletes row,QAE-160,10442,Test case,To Do,QAE,QA-automation exercise,software,malak elmligy,712020:21f07b9a-d8ec-4235-b6a5-157c7915bbf6,,Medium,,Mohamed Rabee,712020:71f182b1-e975-433d-9250-1cb8aa64e0c6,Mohamed Rabee,712020:71f182b1-e975-433d-9250-1cb8aa64e0c6,Mohamed Rabee,712020:71f182b1-e975-433d-9250-1cb8aa64e0c6,15/Nov/25 10:01 AM,15/Nov/25 10:01 AM,,,,0,"*Precondition:*

 Customer has at least 1 cart item.

h3. *Steps:*

# Go to *Cart*.
# Click *remove (trash icon)*.
# access table oc_cart

h3. *Expected:*

* Product row removed from table oc_cart",,,,,,,,,,QAE-32,,,,,,,,,,,,,,,,,,,,,15/Nov/25 10:00 AM;ug:77146ad6-cbcc-4fe2-b6be-de6d9eda2ae7;image-20251115-080038.png;https://malakelmligy1.atlassian.net/rest/api/3/attachment/content/10157,,,,0|i000zz:,QAE Sprint 1,,,,,10132,QAE-3,Epic that has all user stories ,To Do,15/Nov/25 10:01 AM
Verify product price is not negative,QAE-161,10444,Test case,To Do,QAE,QA-automation exercise,software,malak elmligy,712020:21f07b9a-d8ec-4235-b6a5-157c7915bbf6,,Medium,,Mohamed Rabee,712020:71f182b1-e975-433d-9250-1cb8aa64e0c6,Mohamed Rabee,712020:71f182b1-e975-433d-9250-1cb8aa64e0c6,Mohamed Rabee,712020:71f182b1-e975-433d-9250-1cb8aa64e0c6,15/Nov/25 10:10 AM,15/Nov/25 10:10 AM,,,,0,"h3. *Precondition:* 

h3. Products exist.

h3. *Steps:*

# Open a product page.
# Note the product price.
# Verify the price is valid in database.
# access table called oc_product

h3. *Expected Result:*

No row for product has a negative price.",,,,,,,,,,QAE-32,,,,,,,,,,,,,,,,,,,,,15/Nov/25 10:08 AM;ug:77146ad6-cbcc-4fe2-b6be-de6d9eda2ae7;image-20251115-080840.png;https://malakelmligy1.atlassian.net/rest/api/3/attachment/content/10159,,,,0|i00107:,QAE Sprint 1,,,,,10132,QAE-3,Epic that has all user stories ,To Do,15/Nov/25 10:10 AM
Verify product stock is not negative,QAE-162,10446,Test case,To Do,QAE,QA-automation exercise,software,malak elmligy,712020:21f07b9a-d8ec-4235-b6a5-157c7915bbf6,,Medium,,Mohamed Rabee,712020:71f182b1-e975-433d-9250-1cb8aa64e0c6,Mohamed Rabee,712020:71f182b1-e975-433d-9250-1cb8aa64e0c6,Mohamed Rabee,712020:71f182b1-e975-433d-9250-1cb8aa64e0c6,15/Nov/25 10:12 AM,15/Nov/25 10:12 AM,,,,0,"h3. *Precondition:* 

h3. Stock system enabled.

h3. *Steps:*

# Visit a product page.
# Check stock availability.
# Validate stock quantity in DB.
# access table called oc_product

h3. *Expected Result:*

no row with negative quantity",,,,,,,,,,QAE-32,,,,,,,,,,,,,,,,,,,,,15/Nov/25 10:10 AM;ug:77146ad6-cbcc-4fe2-b6be-de6d9eda2ae7;image-20251115-081050.png;https://malakelmligy1.atlassian.net/rest/api/3/attachment/content/10161,,,,0|i0010f:,QAE Sprint 1,,,,,10132,QAE-3,Epic that has all user stories ,To Do,15/Nov/25 10:12 AM
