{
	"info": {
		"_postman_id": "a986ff5c-c420-45b3-b3ab-fcb4bdabac49",
		"name": "Graduation",
		"schema": "https://schema.getpostman.com/json/collection/v2.1.0/collection.json",
		"_exporter_id": "49120624",
		"_collection_link": "https://dodosimon528-2540838.postman.co/workspace/dodosimon528's-Workspace~5e012c87-f2b6-4d19-8b1f-08f523f78687/collection/49120624-a986ff5c-c420-45b3-b3ab-fcb4bdabac49?action=share&source=collection_link&creator=49120624"
	},
	"item": [
		{
			"name": "API 1 (success)",
			"request": {
				"method": "GET",
				"header": [],
				"url": {
					"raw": "https://automationexercise.com/api/productsList",
					"protocol": "https",
					"host": [
						"automationexercise",
						"com"
					],
					"path": [
						"api",
						"productsList"
					]
				}
			},
			"response": []
		},
		{
			"name": "API 2 (success)",
			"request": {
				"method": "POST",
				"header": [],
				"url": {
					"raw": "https://automationexercise.com/api/productsList",
					"protocol": "https",
					"host": [
						"automationexercise",
						"com"
					],
					"path": [
						"api",
						"productsList"
					]
				}
			},
			"response": []
		},
		{
			"name": "API 3 (success)",
			"request": {
				"method": "GET",
				"header": [],
				"url": {
					"raw": "https://automationexercise.com/api/brandsList",
					"protocol": "https",
					"host": [
						"automationexercise",
						"com"
					],
					"path": [
						"api",
						"brandsList"
					]
				}
			},
			"response": []
		},
		{
			"name": "API 4 (success)",
			"request": {
				"method": "PUT",
				"header": [],
				"url": {
					"raw": "https://automationexercise.com/api/brandsList",
					"protocol": "https",
					"host": [
						"automationexercise",
						"com"
					],
					"path": [
						"api",
						"brandsList"
					]
				}
			},
			"response": []
		},
		{
			"name": "API 5 (success)",
			"request": {
				"method": "POST",
				"header": [],
				"body": {
					"mode": "formdata",
					"formdata": [
						{
							"key": "search_product",
							"value": "jeans",
							"type": "text"
						}
					]
				},
				"url": {
					"raw": "https://automationexercise.com/api/searchProduct",
					"protocol": "https",
					"host": [
						"automationexercise",
						"com"
					],
					"path": [
						"api",
						"searchProduct"
					]
				}
			},
			"response": []
		},
		{
			"name": "API 6 (success)",
			"request": {
				"method": "POST",
				"header": [],
				"url": {
					"raw": "https://automationexercise.com/api/searchProduct",
					"protocol": "https",
					"host": [
						"automationexercise",
						"com"
					],
					"path": [
						"api",
						"searchProduct"
					]
				}
			},
			"response": []
		},
		{
			"name": "API 7 (success)",
			"request": {
				"method": "POST",
				"header": [],
				"body": {
					"mode": "formdata",
					"formdata": [
						{
							"key": "email",
							"value": "dodosimon528@gmail.com",
							"type": "text"
						},
						{
							"key": "password",
							"value": "bbbbbbbb",
							"type": "text"
						}
					]
				},
				"url": {
					"raw": "https://automationexercise.com/api/verifyLogin",
					"protocol": "https",
					"host": [
						"automationexercise",
						"com"
					],
					"path": [
						"api",
						"verifyLogin"
					]
				}
			},
			"response": []
		},
		{
			"name": "API 8 (success)",
			"request": {
				"method": "POST",
				"header": [],
				"body": {
					"mode": "formdata",
					"formdata": [
						{
							"key": "password",
							"value": "bbbbbbbb",
							"type": "text"
						}
					]
				},
				"url": {
					"raw": "https://automationexercise.com/api/verifyLogin",
					"protocol": "https",
					"host": [
						"automationexercise",
						"com"
					],
					"path": [
						"api",
						"verifyLogin"
					]
				}
			},
			"response": []
		},
		{
			"name": "API 9 (success)",
			"request": {
				"method": "DELETE",
				"header": [],
				"url": {
					"raw": "https://automationexercise.com/api/verifyLogin",
					"protocol": "https",
					"host": [
						"automationexercise",
						"com"
					],
					"path": [
						"api",
						"verifyLogin"
					]
				}
			},
			"response": []
		},
		{
			"name": "API 10 (success)",
			"request": {
				"method": "POST",
				"header": [],
				"body": {
					"mode": "formdata",
					"formdata": [
						{
							"key": "email",
							"value": "wwwwwwww@gmail.com",
							"type": "text"
						},
						{
							"key": "password",
							"value": "nnnnnnnnnnn",
							"type": "text"
						}
					]
				},
				"url": {
					"raw": "https://automationexercise.com/api/verifyLogin",
					"protocol": "https",
					"host": [
						"automationexercise",
						"com"
					],
					"path": [
						"api",
						"verifyLogin"
					]
				}
			},
			"response": []
		},
		{
			"name": "API 11 (success)",
			"request": {
				"method": "POST",
				"header": [],
				"body": {
					"mode": "formdata",
					"formdata": [
						{
							"key": "name",
							"value": "Khaled",
							"type": "text"
						},
						{
							"key": "email",
							"value": "Karimhisham@gmail.com",
							"type": "text"
						},
						{
							"key": "password",
							"value": "123654",
							"type": "text"
						},
						{
							"key": "title",
							"value": "Mr",
							"type": "text"
						},
						{
							"key": "birth_date",
							"value": "10",
							"type": "text"
						},
						{
							"key": "birth_month",
							"value": "11",
							"type": "text"
						},
						{
							"key": "birth_year",
							"value": "2008",
							"type": "text"
						},
						{
							"key": "firstname",
							"value": "Karim",
							"type": "text"
						},
						{
							"key": "lastname",
							"value": "Hisham",
							"type": "text"
						},
						{
							"key": "company",
							"value": "KH_pharmacy",
							"type": "text"
						},
						{
							"key": "address1",
							"value": "cairo street",
							"type": "text"
						},
						{
							"key": "address2",
							"value": "faisal street",
							"type": "text"
						},
						{
							"key": "country",
							"value": "Egypt",
							"type": "text"
						},
						{
							"key": "zipcode",
							"value": "11865",
							"type": "text"
						},
						{
							"key": "state",
							"value": "Faisal",
							"type": "text"
						},
						{
							"key": "city",
							"value": "cairo",
							"type": "text"
						},
						{
							"key": "mobile_number",
							"value": "01208074555",
							"type": "text"
						}
					]
				},
				"url": {
					"raw": "https://automationexercise.com/api/createAccount",
					"protocol": "https",
					"host": [
						"automationexercise",
						"com"
					],
					"path": [
						"api",
						"createAccount"
					]
				}
			},
			"response": []
		},
		{
			"name": "API 12 (success)",
			"request": {
				"method": "DELETE",
				"header": [],
				"body": {
					"mode": "formdata",
					"formdata": [
						{
							"key": "email",
							"value": "Karimhisham@gmail.com",
							"type": "text"
						},
						{
							"key": "password",
							"value": "123654",
							"type": "text"
						}
					]
				},
				"url": {
					"raw": "https://automationexercise.com/api/deleteAccount",
					"protocol": "https",
					"host": [
						"automationexercise",
						"com"
					],
					"path": [
						"api",
						"deleteAccount"
					]
				}
			},
			"response": []
		},
		{
			"name": "API 13 (success)",
			"request": {
				"method": "PUT",
				"header": [],
				"body": {
					"mode": "formdata",
					"formdata": [
						{
							"key": "name",
							"value": "Khaled",
							"type": "text"
						},
						{
							"key": "email",
							"value": "Karimhisham@gmail.com",
							"type": "text"
						},
						{
							"key": "password",
							"value": "123654",
							"type": "text"
						},
						{
							"key": "title",
							"value": "Mr",
							"type": "text"
						},
						{
							"key": "birth_date",
							"value": "10",
							"type": "text"
						},
						{
							"key": "birth_month",
							"value": "12",
							"type": "text"
						},
						{
							"key": "birth_year",
							"value": "2005",
							"type": "text"
						},
						{
							"key": "firstname",
							"value": "Karim",
							"type": "text"
						},
						{
							"key": "lastname",
							"value": "Hisham",
							"type": "text"
						},
						{
							"key": "company",
							"value": "KH_pharmacy",
							"type": "text"
						},
						{
							"key": "address1",
							"value": "cairo street",
							"type": "text"
						},
						{
							"key": "address2",
							"value": "faisal street",
							"type": "text"
						},
						{
							"key": "country",
							"value": "Egypt",
							"type": "text"
						},
						{
							"key": "zipcode",
							"value": "11865",
							"type": "text"
						},
						{
							"key": "state",
							"value": "Faisal",
							"type": "text"
						},
						{
							"key": "city",
							"value": "cairo",
							"type": "text"
						},
						{
							"key": "mobile_number",
							"value": "01208074555",
							"type": "text"
						}
					]
				},
				"url": {
					"raw": "https://automationexercise.com/api/updateAccount",
					"protocol": "https",
					"host": [
						"automationexercise",
						"com"
					],
					"path": [
						"api",
						"updateAccount"
					]
				}
			},
			"response": []
		},
		{
			"name": "API 14 (fail)",
			"protocolProfileBehavior": {
				"disableBodyPruning": true
			},
			"request": {
				"method": "GET",
				"header": [],
				"body": {
					"mode": "formdata",
					"formdata": [
						{
							"key": "email",
							"value": "Karimhisham@gmail.com",
							"type": "text"
						}
					]
				},
				"url": {
					"raw": "https://automationexercise.com/api/getUserDetailByEmail",
					"protocol": "https",
					"host": [
						"automationexercise",
						"com"
					],
					"path": [
						"api",
						"getUserDetailByEmail"
					]
				}
			},
			"response": []
		}
	]
}