﻿Summary,Issue key,Issue id,Issue Type,Status,Project key,Project name,Project type,Project lead,Project lead id,Project description,Priority,Resolution,Assignee,Assignee Id,Reporter,Reporter Id,Creator,Creator Id,Created,Updated,Last Viewed,Resolved,Due date,Votes,Description,Environment,Watchers,Watchers Id,Original estimate,Remaining Estimate,Time Spent,Work Ratio,Σ Original Estimate,Σ Remaining Estimate,Σ Time Spent,Security Level,Outward issue link (Blocks),Outward issue link (Blocks),Outward issue link (Blocks),Outward issue link (Blocks),Outward issue link (Blocks),Outward issue link (Blocks),Outward issue link (Blocks),Outward issue link (Blocks),Outward issue link (Blocks),Outward issue link (Blocks),Outward issue link (Blocks),Outward issue link (Blocks),Outward issue link (Blocks),Outward issue link (Relates),Outward issue link (Relates),Outward issue link (Relates),Outward issue link (Relates),Outward issue link (Relates),Outward issue link (Relates),Outward issue link (Relates),Outward issue link (Relates),Outward issue link (Relates),Outward issue link (Relates),Outward issue link (Relates),Outward issue link (Relates),Outward issue link (Relates),Outward issue link (Relates),Outward issue link (Relates),Outward issue link (Relates),Outward issue link (Relates),Outward issue link (Relates),Outward issue link (Relates),Outward issue link (Relates),Outward issue link (Relates),Outward issue link (Relates),Outward issue link (Relates),Outward issue link (Relates),Outward issue link (Relates),Outward issue link (Relates),Outward issue link (Relates),Outward issue link (Relates),Custom field (Development),Custom field (Issue color),Custom field (Rank),Sprint,Custom field (Start date),Custom field (Story point estimate),Custom field (Team),Custom field (Vulnerability),Parent,Parent key,Parent summary,Status Category,Status Category Changed
"as a registered or guest user, I want to add products to my cart and complete the check",QAE-209,10525,Story,To Do,QAE,QA-automation exercise,software,malak elmligy,712020:21f07b9a-d8ec-4235-b6a5-157c7915bbf6,,Medium,,,,Alaa Sayed Saif,712020:83a9981e-f317-4518-b155-2185d20dc4a9,Alaa Sayed Saif,712020:83a9981e-f317-4518-b155-2185d20dc4a9,15/Nov/25 2:02 PM,15/Nov/25 2:33 PM,15/Nov/25 2:07 PM,,,0,"Given the user is logged in
And the user has added at least one product to the cart
And the user is on the checkout page

When the user opens the “Address Details” section
And the user checks the order summary 

Then the system should display accurate and complete address information and an accurate order summary 

And the user should be able to proceed to the payment step without errors",,Alaa Sayed Saif,712020:83a9981e-f317-4518-b155-2185d20dc4a9,,,,,,,,,QAE-163,QAE-164,QAE-165,QAE-167,QAE-168,QAE-169,QAE-173,QAE-174,,,,,,QAE-175,QAE-166,QAE-170,QAE-171,QAE-172,QAE-177,QAE-178,QAE-179,QAE-180,QAE-181,QAE-182,QAE-183,QAE-184,QAE-185,QAE-186,QAE-187,QAE-188,QAE-189,QAE-190,QAE-191,QAE-203,QAE-198,QAE-197,QAE-200,QAE-195,QAE-201,QAE-202,,,,0|i001an:,QAE Sprint 1,,,,,10132,QAE-3,Epic that has all user stories ,To Do,15/Nov/25 2:02 PM
"As a customer, I want to enter my card details on the payment page, So that I can complete my purchase securely.",QAE-112,10345,Story,To Do,QAE,QA-automation exercise,software,malak elmligy,712020:21f07b9a-d8ec-4235-b6a5-157c7915bbf6,,Medium,,malak elmligy,712020:21f07b9a-d8ec-4235-b6a5-157c7915bbf6,malak elmligy,712020:21f07b9a-d8ec-4235-b6a5-157c7915bbf6,malak elmligy,712020:21f07b9a-d8ec-4235-b6a5-157c7915bbf6,14/Nov/25 8:20 AM,14/Nov/25 6:40 PM,,,,0,"#  The /payment page should display a payment form with the following fields:

Name on Card (required)

Card Number (required)

CVC (required)

Expiration Date (required)

Pay Button

#  If the user tries to submit without filling the required fields, validation messages should appear.
#  Card Number, CVC, and Expiration Date must only accept valid formats.

# When the user clicks “Pay”, the payment data should be sent to the backend or payment gateway.

# After successful payment, a confirmation message should appear.
# A “Back to Cart” or “Back to Checkout” button should be visible for easy navigation.",,malak elmligy,712020:21f07b9a-d8ec-4235-b6a5-157c7915bbf6,,,,,,,,,,,,,,,,,,,,,,QAE-114,QAE-115,QAE-116,QAE-117,QAE-118,QAE-119,QAE-120,QAE-121,QAE-122,QAE-123,QAE-124,QAE-125,QAE-126,QAE-127,QAE-129,QAE-130,QAE-131,QAE-132,QAE-133,QAE-134,QAE-135,,,,,,,,,,0|i000pb:,QAE Sprint 1,,,,,10132,QAE-3,Epic that has all user stories ,To Do,14/Nov/25 8:20 AM
As a user I want to be prevented from entering invalid data **So that I don’t create an account with wrong or weak information,QAE-39,10272,Story,To Do,QAE,QA-automation exercise,software,malak elmligy,712020:21f07b9a-d8ec-4235-b6a5-157c7915bbf6,,Medium,,,,Alaa Sayed Saif,712020:83a9981e-f317-4518-b155-2185d20dc4a9,Alaa Sayed Saif,712020:83a9981e-f317-4518-b155-2185d20dc4a9,14/Nov/25 12:06 AM,15/Nov/25 2:35 PM,,,,0,"h3. Acceptance Criteria

* Password must match rules (length, characters… if required).
* Confirm password must match the password.
* Real-time validation messages appear while typing.
* Error messages should be clear and helpful",,Alaa Sayed Saif,712020:83a9981e-f317-4518-b155-2185d20dc4a9,,,,,,,,,QAE-62,QAE-48,QAE-49,QAE-50,QAE-52,QAE-59,QAE-60,QAE-65,QAE-64,QAE-68,QAE-70,QAE-72,QAE-144,QAE-51,QAE-57,QAE-63,QAE-66,QAE-69,QAE-71,QAE-73,QAE-74,QAE-75,QAE-76,QAE-77,QAE-78,QAE-79,QAE-80,QAE-81,QAE-82,QAE-83,QAE-84,QAE-85,QAE-86,QAE-87,QAE-136,QAE-139,QAE-140,QAE-141,QAE-142,QAE-143,QAE-137,,,0|i00093:,QAE Sprint 1,,,,,10132,QAE-3,Epic that has all user stories ,To Do,14/Nov/25 12:06 AM
As a new user I want to create a new account So that I can make purchases and track my orders,QAE-38,10271,Story,To Do,QAE,QA-automation exercise,software,malak elmligy,712020:21f07b9a-d8ec-4235-b6a5-157c7915bbf6,,Medium,,,,Alaa Sayed Saif,712020:83a9981e-f317-4518-b155-2185d20dc4a9,Alaa Sayed Saif,712020:83a9981e-f317-4518-b155-2185d20dc4a9,14/Nov/25 12:05 AM,14/Nov/25 12:50 AM,,,,0,"h3. Acceptance Criteria

* User must provide: name, email, password, confirm password.
* All fields marked as required must not be empty.
* Email should be unique (not used before).
* Password must meet minimum security rules (e.g., 8 characters).
* Password and Confirm Password must match.
* Successful signup redirects to login or homepage.
* Error messages should appear for invalid or missing field",,Alaa Sayed Saif,712020:83a9981e-f317-4518-b155-2185d20dc4a9,,,,,,,,,,,,,,,,,,,,,,QAE-45,,,,,,,,,,,,,,,,,,,,,,,,,,,,,,0|i0008v:,QAE Sprint 1,,,,,10132,QAE-3,Epic that has all user stories ,To Do,14/Nov/25 12:05 AM
As a registered user I want to log in using my email and password So that I can access my account and start shopping.,QAE-35,10268,Story,To Do,QAE,QA-automation exercise,software,malak elmligy,712020:21f07b9a-d8ec-4235-b6a5-157c7915bbf6,,Medium,,,,Alaa Sayed Saif,712020:83a9981e-f317-4518-b155-2185d20dc4a9,Alaa Sayed Saif,712020:83a9981e-f317-4518-b155-2185d20dc4a9,13/Nov/25 11:47 PM,14/Nov/25 3:49 AM,,,,0,"h3. Acceptance Criteria

* The system must allow the user to enter email and password.
* The system must validate that email is in a valid format.
* If the email or password is incorrect, an error message should appear.
* Successful login redirects the user to the home page.
* The password field must be hidden (masked).
* The login button should be disabled until all required fields are filled.",,Alaa Sayed Saif,712020:83a9981e-f317-4518-b155-2185d20dc4a9,,,,,,,,,,,,,,,,,,,,,,QAE-88,QAE-89,QAE-90,QAE-91,,,,,,,,,,,,,,,,,,,,,,,,,,,0|i0008f:,QAE Sprint 1,,,,,10132,QAE-3,Epic that has all user stories ,To Do,13/Nov/25 11:47 PM
"As a logged-in user, I want to see a “Review Your Order” section in the checkout page, so that I can review my products before completing the order.",QAE-33,10265,Story,To Do,QAE,QA-automation exercise,software,malak elmligy,712020:21f07b9a-d8ec-4235-b6a5-157c7915bbf6,,Medium,,Ali Ahmed,712020:54f980b1-e226-4638-ac71-954b27d2a5d5,Ali Ahmed,712020:54f980b1-e226-4638-ac71-954b27d2a5d5,Ali Ahmed,712020:54f980b1-e226-4638-ac71-954b27d2a5d5,13/Nov/25 11:37 PM,14/Nov/25 2:18 AM,,,,0,"* *Review section presence*
** The Checkout page must display a *“Review Your Order”* section.
** The section contains a table with headers: *Item, Description, Price, Quantity, Total*.
* *Product details access*
** Clicking the *product name* in the Review section opens the product details page.
** *Acceptance:* Clicking the *product image* must also open the same product details page (image behaves same as name). _(If image reloads checkout → this is a bug.)_
* *Price correctness*
** The *Price* shown in the Review table must match the product price on the product details page or product listing.
** Price must be shown in a consistent readable format (no missing currency/value).
* *Quantity correctness*
** The *Quantity* shown in the Review table must match the quantity selected in the Cart page.
** Quantity field must be visible and non-empty.
* *Total calculation*
** Each product *Total* = *Price × Quantity*.
** Order subtotal / totals (if displayed) must equal sum of product totals (no hidden or wrong additions).
** Totals update correctly when quantity changes (if changeable before placing order).
* *Place Order button*
** *Place Order* (or Continue) button is *visible*, *clickable*, and not disabled.
** Clicking it redirects the user to the *Payment Page* (no page reload that stays on Checkout).
** Payment page must load with card fields (Card Name, Number, CVC, Expiry).
* *Access control*
** If user is *not logged in*, clicking *Proceed To Checkout* shows the *Register / Login* prompt and does not allow entering Checkout (expected behavior).
* *UI stability*
** All elements in Checkout (addresses, review table, totals, buttons) must load without UI errors or missing parts.
** No unexpected page reloads or broken links when interacting with review items.
* *Error handling*
** If any value is missing/wrong (price, qty, total) an error must be shown or the value must be highlighted for correction (implementation-specific).",,Ali Ahmed,712020:54f980b1-e226-4638-ac71-954b27d2a5d5,,,,,,,,,,,,,,,,,,,,,,QAE-37,QAE-40,QAE-42,QAE-43,QAE-44,QAE-53,QAE-54,QAE-55,QAE-56,QAE-58,QAE-61,QAE-67,,,,,,,,,,,,,,,,,,,0|i0007z:,QAE Sprint 1,,,,,10132,QAE-3,Epic that has all user stories ,To Do,13/Nov/25 11:37 PM
Data Base,QAE-32,10264,Story,To Do,QAE,QA-automation exercise,software,malak elmligy,712020:21f07b9a-d8ec-4235-b6a5-157c7915bbf6,,Medium,,Mohamed Rabee,712020:71f182b1-e975-433d-9250-1cb8aa64e0c6,Mohamed Rabee,712020:71f182b1-e975-433d-9250-1cb8aa64e0c6,Mohamed Rabee,712020:71f182b1-e975-433d-9250-1cb8aa64e0c6,13/Nov/25 11:36 PM,15/Nov/25 10:17 AM,,,,0,check validation on data base tables of opencart website,,,,,,,,,,,,,,,,,,,,,,,,,QAE-34,QAE-128,QAE-145,QAE-146,QAE-147,QAE-148,QAE-149,QAE-150,QAE-151,QAE-152,QAE-153,QAE-154,QAE-155,QAE-156,QAE-157,QAE-158,QAE-159,QAE-160,QAE-161,QAE-162,,,,,,,,,,,0|i0007r:,QAE Sprint 1,,,,,10132,QAE-3,Epic that has all user stories ,To Do,13/Nov/25 11:36 PM
"As a user, I want to manage the items in my shopping cart and proceed to checkout, so that I can review my selected products and complete my purchase smoothly.",QAE-4,10133,Story,To Do,QAE,QA-automation exercise,software,malak elmligy,712020:21f07b9a-d8ec-4235-b6a5-157c7915bbf6,,Medium,,David Simon,712020:6cd36898-b7c5-434c-a9e4-8b724db6069e,David Simon,712020:6cd36898-b7c5-434c-a9e4-8b724db6069e,David Simon,712020:6cd36898-b7c5-434c-a9e4-8b724db6069e,12/Nov/25 6:17 PM,15/Nov/25 11:06 AM,12/Nov/25 6:28 PM,,,0,"* Clicking *“Add to Cart”* successfully adds the selected product to the shopping cart.
* Clicking *“View Cart”* redirects the user to the cart page.
* The total price in the cart updates correctly based on the selected product quantity.
* The *“X” button* next to each product removes the item from the cart.
* The product price in the cart should match the price from the product details page.
* Products added before login should still appear in the cart after the user logs in.
* Clicking *“Proceed to Checkout”* redirects to the checkout page.
* If the cart is empty, clicking the *“here” button* redirects to the Products page.
* Clicking the *“Home” button* on the left side redirects to the home page.",,David Simon,712020:6cd36898-b7c5-434c-a9e4-8b724db6069e,,,,,,,,,,,,,,,,,,,,,,QAE-19,QAE-20,QAE-21,QAE-22,QAE-23,QAE-24,QAE-25,QAE-26,QAE-27,,,,,,,,,,,,,,,,,,,,,,0|i0001f:,QAE Sprint 1,,,,,10132,QAE-3,Epic that has all user stories ,To Do,12/Nov/25 6:17 PM
"As a website visitor ,I want to fill out a contact form with my details and message , So that I can reach out to the support team for inquiries or feedback",QAE-2,10099,Story,To Do,QAE,QA-automation exercise,software,malak elmligy,712020:21f07b9a-d8ec-4235-b6a5-157c7915bbf6,,Medium,,malak elmligy,712020:21f07b9a-d8ec-4235-b6a5-157c7915bbf6,malak elmligy,712020:21f07b9a-d8ec-4235-b6a5-157c7915bbf6,malak elmligy,712020:21f07b9a-d8ec-4235-b6a5-157c7915bbf6,11/Nov/25 9:10 PM,14/Nov/25 9:38 AM,12/Nov/25 6:17 PM,,,0,"1.The{color:#97a0af} /contact {color}page should display a contact form with the following fields:

* Name(required)
* Email(required)
* Subject(optional)
* Message(required)

2.If user tries to submit without filling required fields ,validation messages should appear

3.email field must only accept valid email formats.

4.name field must only accept valid format

5.message field must only accept valid format

6.confirmation message should appear after successful submission.

7.A button “home” should be visible for easy navigation",,malak elmligy,712020:21f07b9a-d8ec-4235-b6a5-157c7915bbf6,,,,,,,,,,,,,,,,,,,,,,QAE-92,QAE-93,QAE-94,QAE-95,QAE-96,QAE-97,QAE-98,QAE-99,QAE-100,QAE-102,QAE-103,QAE-104,QAE-105,QAE-106,QAE-107,QAE-108,QAE-109,QAE-110,QAE-111,,,,,,,,,,,,0|i0001j:,QAE Sprint 1,,,,,10132,QAE-3,Epic that has all user stories ,To Do,11/Nov/25 9:10 PM
"As a user,I want to browse, search, and filter available products, and view detailed information about each product, so that I can easily find and choose items to purchase",QAE-1,10066,Story,To Do,QAE,QA-automation exercise,software,malak elmligy,712020:21f07b9a-d8ec-4235-b6a5-157c7915bbf6,,Medium,,David Simon,712020:6cd36898-b7c5-434c-a9e4-8b724db6069e,David Simon,712020:6cd36898-b7c5-434c-a9e4-8b724db6069e,David Simon,712020:6cd36898-b7c5-434c-a9e4-8b724db6069e,11/Nov/25 1:09 PM,15/Nov/25 11:06 AM,15/Nov/25 12:41 PM,,,0,"* User can navigate to the *Products* page from the home page successfully.
* When the user clicks *“View Product”*, the *product details page* should open correctly.
* Search functionality should return only products related to the entered search keyword.
* Category filters (*Men*, *Women*, *Kids*) should display only items within that selected category.
* Brand filters should display products belonging to the selected brand only.
* Product image, price, and name displayed on the product list must match those shown on the *product details* page.
* Product images should load clearly and represent the product accurately.
* In the *Write Review* section:
** The *Name* field should reject numbers or special characters.
** The *Email* field must contain a valid email format (must include “@”).
** The *Submit* button should display a confirmation message (“Thank you for your review”) after valid input submission
** Any invalid review submission should display appropriate error messages.",,David Simon,712020:6cd36898-b7c5-434c-a9e4-8b724db6069e,,,,,,,,,,,,,,,,,,,,,,QAE-6,QAE-7,QAE-8,QAE-9,QAE-10,QAE-11,QAE-12,QAE-13,QAE-14,QAE-15,QAE-16,QAE-17,QAE-18,QAE-28,QAE-29,QAE-30,QAE-31,,,,,,,,,,,,,,0|i0001b:,QAE Sprint 1,,,,,10132,QAE-3,Epic that has all user stories ,To Do,11/Nov/25 1:09 PM
